Workbook

Sheet Summary
A1: LlamaForge Manual E2E — Live Summary
A2: Counts update automatically from the Test Tracker Status column.
A4: Phase | B4: Area | C4: # Tests | D4: Pass | E4: Fail | F4: Blocked | G4: N/A | H4: Not Run | I4: % Complete
A5: BLD | B5: Build & artifacts | C5: =COUNTIF('Test Tracker'!$B:$B,$A5) | D5: =COUNTIFS('Test Tracker'!$B:$B,$A5,'Test Tracker'!$H:$H,"Pass") | E5: =COUNTIFS('Test Tracker'!$B:$B,$A5,'Test Tracker'!$H:$H,"Fail") | F5: =COUNTIFS('Test Tracker'!$B:$B,$A5,'Test Tracker'!$H:$H,"Blocked") | G5: =COUNTIFS('Test Tracker'!$B:$B,$A5,'Test Tracker'!$H:$H,"N/A") | H5: =COUNTIFS('Test Tracker'!$B:$B,$A5,'Test Tracker'!$H:$H,"Not Run") | I5: =IF($C5=0,0,($C5-$H5)/$C5)
A6: A | B6: Installation & CLI | C6: =COUNTIF('Test Tracker'!$B:$B,$A6) | D6: =COUNTIFS('Test Tracker'!$B:$B,$A6,'Test Tracker'!$H:$H,"Pass") | E6: =COUNTIFS('Test Tracker'!$B:$B,$A6,'Test Tracker'!$H:$H,"Fail") | F6: =COUNTIFS('Test Tracker'!$B:$B,$A6,'Test Tracker'!$H:$H,"Blocked") | G6: =COUNTIFS('Test Tracker'!$B:$B,$A6,'Test Tracker'!$H:$H,"N/A") | H6: =COUNTIFS('Test Tracker'!$B:$B,$A6,'Test Tracker'!$H:$H,"Not Run") | I6: =IF($C6=0,0,($C6-$H6)/$C6)
A7: B | B7: Configuration | C7: =COUNTIF('Test Tracker'!$B:$B,$A7) | D7: =COUNTIFS('Test Tracker'!$B:$B,$A7,'Test Tracker'!$H:$H,"Pass") | E7: =COUNTIFS('Test Tracker'!$B:$B,$A7,'Test Tracker'!$H:$H,"Fail") | F7: =COUNTIFS('Test Tracker'!$B:$B,$A7,'Test Tracker'!$H:$H,"Blocked") | G7: =COUNTIFS('Test Tracker'!$B:$B,$A7,'Test Tracker'!$H:$H,"N/A") | H7: =COUNTIFS('Test Tracker'!$B:$B,$A7,'Test Tracker'!$H:$H,"Not Run") | I7: =IF($C7=0,0,($C7-$H7)/$C7)
A8: C | B8: Launch & lifecycle | C8: =COUNTIF('Test Tracker'!$B:$B,$A8) | D8: =COUNTIFS('Test Tracker'!$B:$B,$A8,'Test Tracker'!$H:$H,"Pass") | E8: =COUNTIFS('Test Tracker'!$B:$B,$A8,'Test Tracker'!$H:$H,"Fail") | F8: =COUNTIFS('Test Tracker'!$B:$B,$A8,'Test Tracker'!$H:$H,"Blocked") | G8: =COUNTIFS('Test Tracker'!$B:$B,$A8,'Test Tracker'!$H:$H,"N/A") | H8: =COUNTIFS('Test Tracker'!$B:$B,$A8,'Test Tracker'!$H:$H,"Not Run") | I8: =IF($C8=0,0,($C8-$H8)/$C8)
A9: D | B9: OpenAI HTTP API | C9: =COUNTIF('Test Tracker'!$B:$B,$A9) | D9: =COUNTIFS('Test Tracker'!$B:$B,$A9,'Test Tracker'!$H:$H,"Pass") | E9: =COUNTIFS('Test Tracker'!$B:$B,$A9,'Test Tracker'!$H:$H,"Fail") | F9: =COUNTIFS('Test Tracker'!$B:$B,$A9,'Test Tracker'!$H:$H,"Blocked") | G9: =COUNTIFS('Test Tracker'!$B:$B,$A9,'Test Tracker'!$H:$H,"N/A") | H9: =COUNTIFS('Test Tracker'!$B:$B,$A9,'Test Tracker'!$H:$H,"Not Run") | I9: =IF($C9=0,0,($C9-$H9)/$C9)
A10: E | B10: Anthropic HTTP API | C10: =COUNTIF('Test Tracker'!$B:$B,$A10) | D10: =COUNTIFS('Test Tracker'!$B:$B,$A10,'Test Tracker'!$H:$H,"Pass") | E10: =COUNTIFS('Test Tracker'!$B:$B,$A10,'Test Tracker'!$H:$H,"Fail") | F10: =COUNTIFS('Test Tracker'!$B:$B,$A10,'Test Tracker'!$H:$H,"Blocked") | G10: =COUNTIFS('Test Tracker'!$B:$B,$A10,'Test Tracker'!$H:$H,"N/A") | H10: =COUNTIFS('Test Tracker'!$B:$B,$A10,'Test Tracker'!$H:$H,"Not Run") | I10: =IF($C10=0,0,($C10-$H10)/$C10)
A11: F | B11: gRPC core | C11: =COUNTIF('Test Tracker'!$B:$B,$A11) | D11: =COUNTIFS('Test Tracker'!$B:$B,$A11,'Test Tracker'!$H:$H,"Pass") | E11: =COUNTIFS('Test Tracker'!$B:$B,$A11,'Test Tracker'!$H:$H,"Fail") | F11: =COUNTIFS('Test Tracker'!$B:$B,$A11,'Test Tracker'!$H:$H,"Blocked") | G11: =COUNTIFS('Test Tracker'!$B:$B,$A11,'Test Tracker'!$H:$H,"N/A") | H11: =COUNTIFS('Test Tracker'!$B:$B,$A11,'Test Tracker'!$H:$H,"Not Run") | I11: =IF($C11=0,0,($C11-$H11)/$C11)
A12: G | B12: Management API | C12: =COUNTIF('Test Tracker'!$B:$B,$A12) | D12: =COUNTIFS('Test Tracker'!$B:$B,$A12,'Test Tracker'!$H:$H,"Pass") | E12: =COUNTIFS('Test Tracker'!$B:$B,$A12,'Test Tracker'!$H:$H,"Fail") | F12: =COUNTIFS('Test Tracker'!$B:$B,$A12,'Test Tracker'!$H:$H,"Blocked") | G12: =COUNTIFS('Test Tracker'!$B:$B,$A12,'Test Tracker'!$H:$H,"N/A") | H12: =COUNTIFS('Test Tracker'!$B:$B,$A12,'Test Tracker'!$H:$H,"Not Run") | I12: =IF($C12=0,0,($C12-$H12)/$C12)
A13: H | B13: Routing & scheduling | C13: =COUNTIF('Test Tracker'!$B:$B,$A13) | D13: =COUNTIFS('Test Tracker'!$B:$B,$A13,'Test Tracker'!$H:$H,"Pass") | E13: =COUNTIFS('Test Tracker'!$B:$B,$A13,'Test Tracker'!$H:$H,"Fail") | F13: =COUNTIFS('Test Tracker'!$B:$B,$A13,'Test Tracker'!$H:$H,"Blocked") | G13: =COUNTIFS('Test Tracker'!$B:$B,$A13,'Test Tracker'!$H:$H,"N/A") | H13: =COUNTIFS('Test Tracker'!$B:$B,$A13,'Test Tracker'!$H:$H,"Not Run") | I13: =IF($C13=0,0,($C13-$H13)/$C13)
A14: I | B14: Observability | C14: =COUNTIF('Test Tracker'!$B:$B,$A14) | D14: =COUNTIFS('Test Tracker'!$B:$B,$A14,'Test Tracker'!$H:$H,"Pass") | E14: =COUNTIFS('Test Tracker'!$B:$B,$A14,'Test Tracker'!$H:$H,"Fail") | F14: =COUNTIFS('Test Tracker'!$B:$B,$A14,'Test Tracker'!$H:$H,"Blocked") | G14: =COUNTIFS('Test Tracker'!$B:$B,$A14,'Test Tracker'!$H:$H,"N/A") | H14: =COUNTIFS('Test Tracker'!$B:$B,$A14,'Test Tracker'!$H:$H,"Not Run") | I14: =IF($C14=0,0,($C14-$H14)/$C14)
A15: J | B15: Security & auth | C15: =COUNTIF('Test Tracker'!$B:$B,$A15) | D15: =COUNTIFS('Test Tracker'!$B:$B,$A15,'Test Tracker'!$H:$H,"Pass") | E15: =COUNTIFS('Test Tracker'!$B:$B,$A15,'Test Tracker'!$H:$H,"Fail") | F15: =COUNTIFS('Test Tracker'!$B:$B,$A15,'Test Tracker'!$H:$H,"Blocked") | G15: =COUNTIFS('Test Tracker'!$B:$B,$A15,'Test Tracker'!$H:$H,"N/A") | H15: =COUNTIFS('Test Tracker'!$B:$B,$A15,'Test Tracker'!$H:$H,"Not Run") | I15: =IF($C15=0,0,($C15-$H15)/$C15)
A16: K | B16: Failure & chaos | C16: =COUNTIF('Test Tracker'!$B:$B,$A16) | D16: =COUNTIFS('Test Tracker'!$B:$B,$A16,'Test Tracker'!$H:$H,"Pass") | E16: =COUNTIFS('Test Tracker'!$B:$B,$A16,'Test Tracker'!$H:$H,"Fail") | F16: =COUNTIFS('Test Tracker'!$B:$B,$A16,'Test Tracker'!$H:$H,"Blocked") | G16: =COUNTIFS('Test Tracker'!$B:$B,$A16,'Test Tracker'!$H:$H,"N/A") | H16: =COUNTIFS('Test Tracker'!$B:$B,$A16,'Test Tracker'!$H:$H,"Not Run") | I16: =IF($C16=0,0,($C16-$H16)/$C16)
... A18: M | B18: Teardown & maintenance | C18: =COUNTIF('Test Tracker'!$B:$B,$A18) | D18: =COUNTIFS('Test Tracker'!$B:$B,$A18,'Test Tracker'!$H:$H,"Pass") | E18: =COUNTIFS('Test Tracker'!$B:$B,$A18,'Test Tracker'!$H:$H,"Fail") | F18: =COUNTIFS('Test Tracker'!$B:$B,$A18,'Test Tracker'!$H:$H,"Blocked") | G18: =COUNTIFS('Test Tracker'!$B:$B,$A18,'Test Tracker'!$H:$H,"N/A") | H18: =COUNTIFS('Test Tracker'!$B:$B,$A18,'Test Tracker'!$H:$H,"Not Run") | I18: =IF($C18=0,0,($C18-$H18)/$C18)
A19: TOTAL | B19: All phases | C19: =SUM(C5:C18) | D19: =SUM(D5:D18) | E19: =SUM(E5:E18) | F19: =SUM(F5:F18) | G19: =SUM(G5:G18) | H19: =SUM(H5:H18) | I19: =IF($C19=0,0,($C19-$H19)/$C19)
A22: Overall verdict: | B22: (Ship / Ship with caveats / Hold)
A23: Tester:
A24: Run date:
A25: Build SHA:

Sheet Read Me
A1: LlamaForge — Manual E2E Test Tracker
A2: Build v0.1.0-draft | Primary: Linux (Fedora/Bazzite) on Strix Halo + Vulkan llama.cpp | Then: macOS (Metal)
A5: How to use
A6: 1. | B6: Work the 'Test Tracker' tab top-to-bottom. Phases BLD/A/C must pass before later phases are meaningful.
A7: 2. | B7: Set the Status dropdown for each test: Not Run / Pass / Fail / Blocked / N/A. Cells colour automatically.
A8: 3. | B8: Record what you actually saw in 'Observed Result / Notes'.
A9: 4. | B9: The 'Summary' tab tallies live from the Status column (no manual counting).
A10: 5. | B10: Companion narrative with full commands & rationale: docs/MANUAL_E2E_TEST_PLAN.md
A12: Shell setup (run once)
B13: export HTTP=http://127.0.0.1:8000
B14: export GRPC=127.0.0.1:50051
B15: export CFG=$HOME/.config/llamaforge/llamaforge.toml
B16: export RULES=$HOME/.config/llamaforge/priority_rules.toml
B17: export LF=./target/release/llamaforge
A19: Strix Halo / Linux environment
A20: • | B20: Build needs the mold linker on PATH (x86_64 Linux). On Bazzite (atomic Fedora) build inside a toolbox/distrobox; install mold/protoc/grpcurl/jq/sqlite there.
A21: • | B21: llama.cpp built with Vulkan (-DGGML_VULKAN=ON). Verify GPU with: vulkaninfo --summary and llama-server --list-devices (Radeon 8060S / gfx1151).
A22: • | B22: Unified memory: no dedicated VRAM. gpu_layers=-1 offloads all layers; GPU uses the GTT heap from the 128 GB pool. estimated_vram_mb is a hint, not a cap. Watch free -h / amdgpu_top, not a discrete VRAM number.
A23: • | B23: Default state dir: Linux ~/.local/state/llamaforge ($XDG_STATE_HOME); macOS ~/Library/Application Support/llamaforge. Config: ~/.config/llamaforge/.
A24: • | B24: Signal tests (SIGTERM/SIGHUP in Phases K/L) work on Linux. They do NOT apply on native Windows (only Ctrl-C); the binary also imports std::os::unix and likely won't build on native Windows.
A26: Priority key
A27: P0 | B27: Blocker / smoke — must pass to proceed.
A28: P1 | B28: Core functionality.
A29: P2 | B29: Edge case / nice-to-have.
A31: Known v1.0 behaviors (expected — not bugs)
A32: • | B32: Missing anthropic-version header is allowed (WARN + proceed) — ANT-03.
A33: • | B33: Restart-required config edits are refused with 412 / FAILED_PRECONDITION — MGT-09, REL-02.
A34: • | B34: Auth is global: /health and /metrics also require the key when api_key is set — SEC-04.
A35: • | B35: HTTP requests attributed to requestor 'anonymous' / task 'default' (coarse metrics & priority) — RT-05.
A36: • | B36: gRPC reflection is a default-on dev feature; a no-default-features build would disable it — GRP-01.
A37: • | B37: OpenAI non-streaming response now returns the full usage/finish_reason shape (older deferral is resolved) — OAI-02.

Sheet Test Tracker
A1: Test ID | B1: Phase | C1: Area | D1: Priority | E1: Objective | F1: Steps / Command | G1: Expected Result | H1: Status | I1: Observed Result / Notes
A2: BLD-01 | B2: BLD | C2: Build & artifacts | D2: P0 | E2: Workspace compiles | F2: cargo build --release (repo root) | G2: All 8 crates build with no errors. LINUX: mold must be on PATH (build forces -fuse-ld=mold for x86_64); on Bazzite build inside a toolbox/distrobox. -D warnings is set, so any warning fails the build. | H2: Pass
A3: BLD-02 | B3: BLD | C3: Build & artifacts | D3: P1 | E3: Build mock-llama (chaos double) | F3: cargo build --bin mock-llama | G3: Produces target/debug/mock-llama. Supports --alias/--port/--parallel and health_fail_after= / startup_503_ms= knobs. | H3: Pass | I3: Built in 1.13s (incremental, dev profile).
A4: BLD-03 | B4: BLD | C4: Build & artifacts | D4: P2 | E4: Orchestrator binary present | F4: ls -l target/release/llamaforge | G4: Executable exists. | H4: Pass | I4: target/release/llamaforge present, executable, ~15.4 MB.
A5: BLD-04 | B5: BLD | C5: Build & artifacts | D5: P2 | E5: Test suites (optional sanity) | F5: cargo test --workspace | G5: Unit/integration pass. e2e suite also needs protoc. | H5: Fail | I5: cargo test --workspace exited non-zero. test_e2e_anthropic_messages_streaming FAILED — known flake from #191 (Tier 1 fix landed in PR #196; Tier 2 production-side SSE close-propagation fix tracked in newly-filed #218). All other workspace tests passed.
A6: CLI-01 | B6: A | C6: Installation & CLI | D6: P0 | E6: Help output | F6: $LF --help | G6: Usage lists global flags (--config, --priority-rules, --state-dir) and subcommands init/validate/serve. Exit 0. | H6: Pass
A7: CLI-02 | B7: A | C7: Installation & CLI | D7: P2 | E7: Version string | F7: $LF --version | G7: Prints 0.1.0-draft. Exit 0. | H7: Pass
A8: CLI-03 | B8: A | C8: Installation & CLI | D8: P1 | E8: Per-subcommand help | F8: $LF init --help ; $LF serve --help ; $LF validate --help | G8: Each lists its own flags. Exit 0. | H8: Pass
A9: CLI-04 | B9: A | C9: Installation & CLI | D9: P0 | E9: init writes default config | F9: $LF init | G9: Creates ~/.config/llamaforge/llamaforge.toml + priority_rules.toml; state dir at mode 0750 (Linux default ~/.local/state/llamaforge; macOS ~/Library/Application Support/llamaforge). Prints 'Wrote default config to <path>...'. Exit 0. | H9: Pass | I9: Config + priority_rules + state dir created at default XDG paths. User edited the config successfully after init.
A10: CLI-05 | B10: A | C10: Installation & CLI | D10: P1 | E10: init matches examples | F10: diff ~/.config/llamaforge/llamaforge.toml examples/llamaforge.toml | G10: No differences (init embeds examples/*.toml verbatim). | H10: Pass | I10: diff against a fresh --force init showed no differences from examples/llamaforge.toml.
A11: CLI-06 | B11: A | C11: Installation & CLI | D11: P1 | E11: init refuses to clobber | F11: $LF init (again, no --force) | G11: stderr: 'error: existing config at <path> last modified <date>. Use --force to overwrite.' Exit 78. File untouched. | H11: Pass
A12: CLI-07 | B12: A | C12: Installation & CLI | D12: P1 | E12: init --force overwrites | F12: $LF init --force | G12: Overwrites config+rules, success line, exit 0. | H12: Pass | I12: Implicit-verified during CLI-05 (fresh --force init produced exact examples/ content).
A13: CLI-08 | B13: A | C13: Installation & CLI | D13: P2 | E13: init --out custom path | F13: $LF init --out /tmp/lf/llamaforge.toml --state-dir /tmp/lf/state | G13: Writes config + sibling priority_rules.toml; creates state dir. Exit 0. | H13: Pass | I13: Wrote /tmp/lf/{llamaforge.toml, priority_rules.toml}; state dir /tmp/lf/state at mode 0750.
A14: CLI-09 | B14: A | C14: Installation & CLI | D14: P1 | E14: Default search order | F14: unset LLAMAFORGE_CONFIG ; $LF validate | G14: Resolves XDG path (order: --config -> $LLAMAFORGE_CONFIG -> $XDG_CONFIG_HOME/llamaforge/ -> /etc/llamaforge/). | H14: Pass | I14: XDG search resolved ~/.config/llamaforge/llamaforge.toml; printed "config OK: 2 servers, 4 task types, validation passed".
A15: CLI-10 | B15: A | C15: Installation & CLI | D15: P1 | E15: Env var override | F15: LLAMAFORGE_CONFIG=/tmp/lf/llamaforge.toml $LF validate | G15: Uses the env-pointed file. | H15: Pass | I15: Verified by appending invalid TOML to /tmp/lf/llamaforge.toml; env override caused CONFIG_PARSE_ERROR naming the env-pointed file (line 93). XDG was not consulted.
A16: CLI-11 | B16: A | C16: Installation & CLI | D16: P0 | E16: Serve missing config | F16: $LF serve --config /nope/missing.toml | G16: stderr JSON {code:CONFIG_NOT_FOUND,...} + remediation. Exit 78. No silent fallback. | H16: Pass
A17: CLI-12 | B17: A | C17: Installation & CLI | D17: P1 | E17: State dir not writable | F17: $LF serve --config $CFG --state-dir /proc/cannot-write | G17: stderr JSON {code:STATE_DIR_NOT_WRITABLE,...}. Exit 78. | H17: Pass | I17: STATE_DIR_NOT_WRITABLE with remediation text (mkdir/chown/--state-dir/env var). Exit 78.
A18: CLI-13 | B18: A | C18: Installation & CLI | D18: P2 | E18: Bare invocation == serve | F18: $LF (no subcommand, valid config discoverable) | G18: Boots orchestrator identically to serve. | H18: Pass | I18: Bare $LF booted as serve. (Initial attempt was OOM-killed on saturated host — see #219.)
A19: CFG-01 | B19: B | C19: Configuration | D19: P0 | E19: Valid config passes | F19: $LF validate --config $CFG --rules $RULES | G19: stdout: 'config OK: <N> servers, <M> task types, validation passed'. Exit 0. No llama-server spawned. | H19: Pass | I19: Verified via CLI-09 ("config OK: 2 servers, 4 task types") and confirmed in CLI-13: orchestrator booted from this config and child servers came up healthy.
A20: CFG-02 | B20: B | C20: Configuration | D20: P0 | E20: Parse error | F20: Introduce TOML syntax error; $LF validate --config <bad> | G20: stderr JSON {code:CONFIG_PARSE_ERROR,...} naming file+detail. Exit 78. | H20: Pass | I20: Verified via CLI-10 (appended invalid TOML to /tmp/lf/llamaforge.toml; got CONFIG_PARSE_ERROR with file path and line number, exit 78).
A21: CFG-03 | B21: B | C21: Configuration | D21: P1 | E21: Empty file | F21: : > /tmp/empty.toml ; $LF validate --config /tmp/empty.toml | G21: stderr JSON {code:CONFIG_EMPTY,...}. Exit 78. | H21: Pass | I21: CONFIG_EMPTY with 3-step remediation (restore from VCS / backup / init --force), exit 78.
A22: CFG-04 | B22: B | C22: Configuration | D22: P1 | E22: Duplicate ports | F22: Two [servers.*] same port; validate | G22: CONFIG_VALIDATION_ERROR 'duplicate server port: <port>'. Exit 78. | H22: Pass | I22: CONFIG_VALIDATION_ERROR "duplicate server port: 8080", exit 78.
A23: CFG-05 | B23: B | C23: Configuration | D23: P1 | E23: Empty binary_path | F23: binary_path = ""; validate | G23: 'empty binary_path for server <id>'. Exit 78. | H23: Pass | I23: CONFIG_VALIDATION_ERROR "empty binary_path for server '7e2afef5-...'", exit 78.
A24: CFG-06 | B24: B | C24: Configuration | D24: P1 | E24: Empty model_path | F24: model_path = ""; validate | G24: 'empty model_path for server <id>'. Exit 78. | H24: Pass | I24: CONFIG_VALIDATION_ERROR "empty model_path for server '7e2afef5-...'", exit 78.
A25: CFG-07 | B25: B | C25: Configuration | D25: P1 | E25: parallel_slots = 0 | F25: parallel_slots = 0; validate | G25: 'parallel_slots must be > 0 for server <id>'. Exit 78. | H25: Pass | I25: CONFIG_VALIDATION_ERROR "parallel_slots must be > 0", exit 78.
A26: CFG-08 | B26: B | C26: Configuration | D26: P2 | E26: Duplicate GPU id | F26: Two devices same gpu_id; validate | G26: 'duplicate gpu_id <n> for server <id>'. Exit 78. | H26: Pass | I26: CONFIG_VALIDATION_ERROR "duplicate gpu_id 0 for server '865326c4-...'", exit 78.
A27: CFG-09 | B27: B | C27: Configuration | D27: P2 | E27: queue timeout 0 | F27: queue_default_timeout_secs = 0; validate | G27: 'queue_default_timeout_secs must be > 0'. Exit 78. | H27: Pass | I27: CONFIG_VALIDATION_ERROR "queue_default_timeout_secs must be > 0", exit 78.
A28: CFG-10 | B28: B | C28: Configuration | D28: P2 | E28: Invalid server id slug | F28: Illegal [servers.<key>] name; validate | G28: CONFIG_VALIDATION_ERROR (empty/length/charset slug rule). Exit 78. | H28: Pass | I28: Slug rule fires (ServerId 'bad name!' contains invalid character) — but classified as CONFIG_PARSE_ERROR, not CONFIG_VALIDATION_ERROR. See #221.
... A115: TD-04 | B115: M | C115: Teardown & maintenance | D115: P2 | E115: WAL growth controlled | F115: After heavy traffic run MGT-13 (truncate) | G115: WAL shrinks; DB consistent. | H115: Pass | I115: Covered by MGT-13 (POST /api/maintenance/wal-checkpoint?mode=truncate shrank llamaforge.db-wal 129K->0 bytes, DB consistent). WAL growth is bounded by the truncate checkpoint.
